position,codon,target,aa
1,AGT,Pbs2,S
2,AAT,Pbs2,N
3,CAA,Pbs2,Q
4,AGC,Pbs2,S
5,GAG,Pbs2,E
6,CAA,Pbs2,Q
7,GAC,Pbs2,D
8,AAA,Pbs2,K
9,GGC,Pbs2,G
10,AGT,Pbs2,S
11,TCA,Pbs2,S
12,CAA,Pbs2,Q
13,TCA,Pbs2,S
14,CCT,Pbs2,P
15,AAA,Pbs2,K
16,CAT,Pbs2,H
17,ATT,Pbs2,I
18,CAG,Pbs2,Q
19,CAG,Pbs2,Q
20,ATT,Pbs2,I
21,GTT,Pbs2,V
22,AAT,Pbs2,N
23,AAG,Pbs2,K
24,CCA,Pbs2,P
25,TTG,Pbs2,L
26,CCG,Pbs2,P
27,CCT,Pbs2,P
28,CTT,Pbs2,L
29,CCC,Pbs2,P
30,GTA,Pbs2,V
31,GCA,Pbs2,A
32,GGA,Pbs2,G
33,AGT,Pbs2,S
34,TCT,Pbs2,S
35,AAG,Pbs2,K
36,GTT,Pbs2,V
37,TCA,Pbs2,S
38,CAA,Pbs2,Q
39,AGA,Pbs2,R
40,ATG,Pbs2,M
41,AGT,Pbs2,S
42,AGC,Pbs2,S
43,CAA,Pbs2,Q
44,GTC,Pbs2,V
45,GTG,Pbs2,V
46,CAA,Pbs2,Q
47,GCG,Pbs2,A
48,TCC,Pbs2,S
49,TCC,Pbs2,S
50,AAG,Pbs2,K
51,AGC,Pbs2,S
52,ACT,Pbs2,T
53,CTT,Pbs2,L
54,AAG,Pbs2,K
55,AAC,Pbs2,N
56,GTT,Pbs2,V
